frame,t,x_robot,y_robot,z_robot,x,y,z,x_filtered,y_filtered,z_filtered
28110,23242.5,2.761905,2.02264,0.985377,-0.0119847307692308,0.0426009942307692,-0.0125038292307692,-0.0111574999999999,0.0408675000000001,-0.00302775
28111,23245,2.76157,2.02353,0.985829,-0.0120025,0.0416564333333333,-0.0137491333333333,-0.0111499999999998,0.0420400000000001,-0.00462099999999999
28112,23247.5,2.761185,2.0246725,0.986186,-0.0116566777777778,0.0397266444444444,-0.01529415,-0.0111624999999999,0.0415925000000001,-0.00632574999999999
28113,23250,2.7608,2.025815,0.986543,-0.0113108555555556,0.0377968555555556,-0.0168391666666667,-0.0111749999999999,0.0411450000000002,-0.0080305
28114,23252.5,2.760415,2.0269575,0.9869,-0.0109650333333333,0.0358670666666667,-0.0183841833333333,-0.0111875,0.0406975000000003,-0.00973525
28115,23255,2.76003,2.0281,0.987257,-0.0106192111111111,0.0339372777777778,-0.0199292,-0.0112000000000001,0.0402500000000003,-0.01144
28116,23257.5,2.7595975,2.02942,0.9874795,-0.00924404052083333,0.0342271520833333,-0.0219744,-0.0105050000000001,0.0398125000000003,-0.01329575
28117,23260,2.759165,2.03074,0.987702,-0.00786886993055556,0.0345170263888889,-0.0240196,-0.0098100000000001,0.0393750000000002,-0.0151515
28118,23262.5,2.7587325,2.03206,0.9879245,-0.00649369934027778,0.0348069006944444,-0.0260648,-0.0091150000000001,0.0389375000000001,-0.01700725
28119,23265,2.7583,2.03338,0.988147,-0.00511852875,0.035096775,-0.02811,-0.00842000000000009,0.0385,-0.018863
28120,23267.5,2.7578225,2.0346975,0.9881575,-0.00433119697916667,0.0353993895833333,-0.0297683125,-0.0079300000000001,0.0383249999999999,-0.02050475
28121,23270,2.757345,2.036015,0.988168,-0.00354386520833333,0.0357020041666667,-0.031426625,-0.00744000000000011,0.0381499999999999,-0.0221465
28122,23272.5,2.7568675,2.0373325,0.9881785,-0.0027565334375,0.03600461875,-0.0330849375,-0.00695000000000012,0.0379749999999999,-0.02378825
28123,23275,2.75639,2.03865,0.988189,-0.00196920166666667,0.0363072333333333,-0.03474325,-0.00646000000000013,0.0377999999999998,-0.02543
28124,23277.5,2.7559375,2.0399,0.987931,-0.0009141175,0.036718309375,-0.037142484375,-0.00536250000000005,0.0377824999999998,-0.0271592499999999
28125,23280,2.755485,2.04115,0.987673,0.000140966666666667,0.0371293854166667,-0.03954171875,-0.00426499999999996,0.0377649999999998,-0.0288884999999999
28126,23282.5,2.7550325,2.0424,0.987415,0.00119605083333333,0.0375404614583333,-0.041940953125,-0.00316749999999988,0.0377474999999998,-0.0306177499999999
28127,23285,2.75458,2.04365,0.987157,0.002251135,0.0379515375,-0.0443401875,-0.00206999999999979,0.0377299999999998,-0.0323469999999999
28128,23287.5,2.7541975,2.0448425,0.9866405,0.00199261625,0.0385114185096154,-0.046924515625,-0.00146249999999981,0.0381299999999999,-0.0346029999999999
28129,23290,2.753815,2.046035,0.986124,0.0017340975,0.0390712995192308,-0.04950884375,-0.000854999999999828,0.03853,-0.036859
28130,23292.5,2.7534325,2.0472275,0.9856075,0.00147557875,0.0396311805288462,-0.052093171875,-0.000247499999999845,0.03893,-0.039115
28131,23295,2.75305,2.04842,0.985091,0.00121706,0.0401910615384615,-0.0546775,0.000360000000000138,0.0393300000000001,-0.041371
28132,23297.5,2.7528275,2.0495725,0.984296,0.00118941425,0.0406125961538462,-0.05577128125,0.00067000000000017,0.0396575,-0.04338725
28133,23300,2.752605,2.050725,0.983501,0.0011617685,0.0410341307692308,-0.0568650625,0.000980000000000203,0.0399849999999999,-0.0454035
28134,23302.5,2.7523825,2.0518775,0.982706,0.00113412275,0.0414556653846154,-0.05795884375,0.00129000000000024,0.0403124999999999,-0.04741975
28135,23305,2.75216,2.05303,0.981911,0.001106477,0.0418772,-0.059052625,0.00160000000000027,0.0406399999999998,-0.0494359999999999
28136,23307.5,2.7521075,2.0542075,0.98081625,0.00206146084090909,0.0432484772727273,-0.0601454414772727,0.0016750000000002,0.0415174999999999,-0.0509112499999999
28137,23310,2.752055,2.055385,0.9797215,0.00301644468181818,0.0446197545454545,-0.0612382579545455,0.00175000000000014,0.042395,-0.0523864999999999
28138,23312.5,2.7520025,2.0565625,0.97862675,0.00397142852272727,0.0459910318181818,-0.0623310744318182,0.00182500000000008,0.0432725,-0.05386175
28139,23315,2.75195,2.05774,0.977532,0.00492641236363636,0.0473623090909091,-0.0634238909090909,0.00190000000000001,0.0441500000000001,-0.055337
28140,23317.5,2.751975,2.059015,0.97612475,0.00657156311888112,0.0460384702797203,-0.0645684527972028,0.00295250000000002,0.0448375000000001,-0.05674525
28141,23320,2.752,2.06029,0.9747175,0.00821671387412587,0.0447146314685315,-0.0657130146853147,0.00400500000000004,0.045525,-0.0581535
28142,23322.5,2.752025,2.061565,0.97331025,0.00986186462937063,0.0433907926573427,-0.0668575765734266,0.00505750000000005,0.0462125,-0.05956175
28143,23325,2.75205,2.06284,0.971903,0.0115070153846154,0.0420669538461538,-0.0680021384615384,0.00611000000000006,0.0468999999999999,-0.06097
28144,23327.5,2.7520775,2.06429,0.970247,0.0111648615384615,0.0372421653846154,-0.0683962538461538,0.00677000000000005,0.0449175000000001,-0.06206075
28145,23330,2.752105,2.06574,0.968591,0.0108227076923077,0.0324173769230769,-0.0687903692307692,0.00743000000000005,0.0429350000000002,-0.0631515
28146,23332.5,2.7521325,2.06719,0.966935,0.0104805538461538,0.0275925884615385,-0.0691844846153846,0.00809000000000004,0.0409525000000003,-0.06424225
28147,23335,2.75216,2.06864,0.965279,0.0101384,0.0227678,-0.0695786,0.00875000000000004,0.0389700000000004,-0.065333
28148,23337.5,2.752235,2.070235,0.963406,0.013099144,0.022762221,-0.071149492,0.01033,0.0373675000000003,-0.066488
28149,23340,2.75231,2.07183,0.961533,0.016059888,0.022756642,-0.072720384,0.0119099999999999,0.0357650000000003,-0.067643
28150,23342.5,2.752385,2.073425,0.95966,0.019020632,0.022751063,-0.074291276,0.0134899999999998,0.0341625000000002,-0.068798
28151,23345,2.75246,2.07502,0.957787,0.021981376,0.022745484,-0.075862168,0.0150699999999997,0.0325600000000001,-0.069953
28152,23347.5,2.7526,2.07647,0.95568825,0.021869346,0.022485964,-0.076332628,0.0161949999999998,0.0314800000000001,-0.070631
28153,23350,2.75274,2.07792,0.9535895,0.021757316,0.022226444,-0.076803088,0.01732,0.0304,-0.071309
28154,23352.5,2.75288,2.07937,0.95149075,0.021645286,0.021966924,-0.077273548,0.0184450000000002,0.0293199999999999,-0.071987
28155,23355,2.75302,2.08082,0.949392,0.021533256,0.021707404,-0.077744008,0.0195700000000003,0.0282399999999998,-0.072665
28156,23357.5,2.753265,2.0820175,0.94709275,0.021421226,0.021447884,-0.078214468,0.0202900000000003,0.0276474999999998,-0.07300425
28157,23360,2.75351,2.083215,0.9447935,0.021309196,0.021188364,-0.078684928,0.0210100000000002,0.0270549999999998,-0.0733435
28158,23362.5,2.753755,2.0844125,0.94249425,0.021197166,0.020928844,-0.079155388,0.0217300000000001,0.0264624999999998,-0.07368275
28159,23365,2.754,2.08561,0.940195,0.021085136,0.020669324,-0.079625848,0.0224500000000001,0.0258699999999998,-0.074022
28160,23367.5,2.7543525,2.0866175,0.9377315,0.0223620196470588,0.0206545400588235,-0.0794001448235294,0.02275,0.0253549999999998,-0.07459625
28161,23370,2.754705,2.087625,0.935268,0.0236389032941176,0.0206397561176471,-0.0791744416470588,0.02305,0.0248399999999998,-0.0751705
28162,23372.5,2.7550575,2.0886325,0.9328045,0.0249157869411765,0.0206249721764706,-0.0789487384705882,0.02335,0.0243249999999997,-0.07574475
28163,23375,2.75541,2.08964,0.930341,0.0261926705882353,0.0206101882352941,-0.0787230352941176,0.0236499999999999,0.0238099999999997,-0.076319
28164,23377.5,2.755865,2.090575,0.92777975,0.0280648029411765,0.0207002911764706,-0.0781989764705882,0.0249374999999999,0.0235524999999998,-0.076324
28165,23380,2.75632,2.09151,0.9252185,0.0299369352941176,0.0207903941176471,-0.0776749176470588,0.0262249999999999,0.0232949999999998,-0.076329
28166,23382.5,2.756775,2.092445,0.92265725,0.0318090676470588,0.0208804970588235,-0.0771508588235294,0.0275124999999999,0.0230374999999999,-0.076334
28167,23385,2.75723,2.09338,0.920096,0.0336812,0.0209706,-0.0766268,0.0287999999999999,0.02278,-0.076339
28168,23387.5,2.75778,2.09431,0.9174605,0.0341777423076923,0.0224824980769231,-0.0751774961538462,0.029825,0.02318,-0.07579275
28169,23390,2.75833,2.09524,0.914825,0.0346742846153846,0.0239943961538462,-0.0737281923076923,0.03085,0.0235799999999999,-0.0752465
28170,23392.5,2.75888,2.09617,0.9121895,0.0351708269230769,0.0255062942307692,-0.0722788884615385,0.0318750000000001,0.0239799999999999,-0.07470025
28171,23395,2.75943,2.0971,0.909554,0.0356673692307692,0.0270181923076923,-0.0708295846153846,0.0329000000000002,0.0243799999999998,-0.0741539999999999
28172,23397.5,2.7601225,2.098075,0.906921,0.0358689269230769,0.0270437692307692,-0.0701674884615384,0.0336125000000002,0.0247024999999998,-0.0734099999999999
28173,23400,2.760815,2.09905,0.904288,0.0360704846153846,0.0270693461538462,-0.0695053923076923,0.0343250000000002,0.0250249999999999,-0.072666
28174,23402.5,2.7615075,2.100025,0.901655,0.0362720423076923,0.0270949230769231,-0.0688432961538462,0.0350375000000002,0.0253474999999999,-0.071922
28175,23405,2.7622,2.101,0.899022,0.0364736,0.0271205,-0.0681812,0.0357500000000002,0.0256699999999999,-0.071178
28176,23407.5,2.7630375,2.102015,0.8963915,0.0364496,0.0250140769230769,-0.0670027384615385,0.0361325000000001,0.0259174999999999,-0.0706285
28177,23410,2.763875,2.10303,0.893761,0.0364256,0.0229076538461538,-0.0658242769230769,0.0365150000000001,0.026165,-0.0700789999999999
28178,23412.5,2.7647125,2.104045,0.8911305,0.0364016,0.0208012307692308,-0.0646458153846154,0.0368975,0.0264125000000001,-0.0695294999999999
28179,23415,2.76555,2.10506,0.8885,0.0363776,0.0186948076923077,-0.0634673538461538,0.03728,0.0266600000000001,-0.0689799999999999
28180,23417.5,2.766495,2.106155,0.88592275,0.0367464425925926,0.0180521539173789,-0.0622942839031339,0.03743,0.0257625,-0.0680765
28181,23420,2.76744,2.10725,0.8833455,0.0371152851851852,0.0174095001424501,-0.061121213960114,0.0375799999999999,0.0248649999999999,-0.067173
28182,23422.5,2.768385,2.108345,0.88076825,0.0374841277777778,0.0167668463675214,-0.059948144017094,0.0377299999999999,0.0239674999999998,-0.0662695
28183,23425,2.76933,2.10944,0.878191,0.0378529703703704,0.0161241925925926,-0.0587750740740741,0.0378799999999999,0.0230699999999997,-0.065366
28184,23427.5,2.7703325,2.1105725,0.87565,0.0383901740740741,0.0161088685185185,-0.0576043148148148,0.0379174999999999,0.0223699999999998,-0.0647365
28185,23430,2.771335,2.111705,0.873109,0.0389273777777778,0.0160935444444444,-0.0564335555555556,0.037955,0.0216699999999999,-0.064107
28186,23432.5,2.7723375,2.1128375,0.870568,0.0394645814814815,0.0160782203703704,-0.0552627962962963,0.0379925,0.0209699999999999,-0.0634775
28187,23435,2.77334,2.11397,0.868027,0.0400017851851852,0.0160628962962963,-0.054092037037037,0.03803,0.02027,-0.062848
28188,23437.5,2.7743475,2.11498,0.865498,0.0405389888888889,0.0160475722222222,-0.0529212777777778,0.03856,0.0198125,-0.06122725
28189,23440,2.775355,2.11599,0.862969,0.0410761925925926,0.0160322481481481,-0.0517505185185185,0.0390900000000001,0.019355,-0.0596065
28190,23442.5,2.7763625,2.117,0.86044,0.0416133962962963,0.0160169240740741,-0.0505797592592593,0.0396200000000001,0.0188975,-0.05798575
28191,23445,2.77737,2.11801,0.857911,0.0421506,0.0160016,-0.049409,0.0401500000000001,0.01844,-0.056365
28192,23447.5,2.7783525,2.11889,0.85539075,0.0424527538461539,0.0151590615384615,-0.0470773461538462,0.0405525000000001,0.0182100000000001,-0.05518975
28193,23450,2.779335,2.11977,0.8528705,0.0427549076923077,0.0143165230769231,-0.0447456923076923,0.0409550000000001,0.0179800000000001,-0.0540145
28194,23452.5,2.7803175,2.12065,0.85035025,0.0430570615384615,0.0134739846153846,-0.0424140384615385,0.0413575,0.0177500000000002,-0.0528392499999999
28195,23455,2.7813,2.12153,0.84783,0.0433592153846154,0.0126314461538462,-0.0400823846153846,0.04176,0.0175200000000002,-0.0516639999999999
28196,23457.5,2.7822825,2.122335,0.84541475,0.0440405865384615,0.0122990846153846,-0.0377117384615385,0.042165,0.0169800000000001,-0.049791
28197,23460,2.783265,2.12314,0.8429995,0.0447219576923077,0.0119667230769231,-0.0353410923076923,0.04257,0.01644,-0.047918
28198,23462.5,2.7842475,2.123945,0.84058425,0.0454033288461538,0.0116343615384615,-0.0329704461538462,0.042975,0.0158999999999999,-0.0460450000000001
28199,23465,2.78523,2.12475,0.838169,0.0460847,0.011302,-0.0305998,0.04338,0.0153599999999998,-0.0441720000000001
28200,23467.5,2.786255,2.12555,0.8359095,0.0463376807692308,0.0119433653846154,-0.0291816846153846,0.04384,0.014925,-0.0423000000000001
28201,23470,2.78728,2.12635,0.83365,0.0465906615384615,0.0125847307692308,-0.0277635692307692,0.0443,0.0144900000000001,-0.040428
28202,23472.5,2.788305,2.12715,0.8313905,0.0468436423076923,0.0132260961538462,-0.0263454538461538,0.04476,0.0140550000000003,-0.038556
28203,23475,2.78933,2.12795,0.829131,0.0470966230769231,0.0138674615384615,-0.0249273384615385,0.04522,0.0136200000000004,-0.0366839999999999
28204,23477.5,2.7904375,2.1287525,0.82705625,0.0469216548076923,0.0139516336538462,-0.0230938757211538,0.0455950000000001,0.0136175000000003,-0.0347745
28205,23480,2.791545,2.129555,0.8249815,0.0467466865384615,0.0140358057692308,-0.0212604129807692,0.0459700000000001,0.0136150000000002,-0.032865
28206,23482.5,2.7926525,2.1303575,0.82290675,0.0465717182692308,0.0141199778846154,-0.0194269502403846,0.0463450000000001,0.0136125,-0.0309555
28207,23485,2.79376,2.13116,0.820832,0.04639675,0.01420415,-0.0175934875,0.0467200000000001,0.0136099999999999,-0.029046
28208,23487.5,2.7949775,2.1319375,0.81897,0.0467235951923077,0.0162479394230769,-0.0160172046634615,0.0467875,0.0135999999999999,-0.02723425
28209,23490,2.796195,2.132715,0.817108,0.0470504403846154,0.0182917288461538,-0.0144409218269231,0.0468549999999999,0.01359,-0.0254225
28210,23492.5,2.7974125,2.1334925,0.815246,0.0473772855769231,0.0203355182692308,-0.0128646389903846,0.0469224999999998,0.01358,-0.02361075
28211,23495,2.79863,2.13427,0.813384,0.0477041307692308,0.0223793076923077,-0.0112883561538462,0.0469899999999996,0.0135700000000001,-0.021799
28212,23497.5,2.7999475,2.13505,0.81177325,0.0478696767354597,0.0232670880863039,-0.0104995590056285,0.0471449999999998,0.0146925000000001,-0.01991575
28213,23500,2.801265,2.13583,0.8101625,0.0480352227016886,0.0241548684803002,-0.00971076185741088,0.0472999999999999,0.0158150000000001,-0.0180325
28214,23502.5,2.8025825,2.13661,0.80855175,0.0482007686679174,0.0250426488742964,-0.00892196470919325,0.047455,0.0169375000000002,-0.01614925
28215,23505,2.8039,2.13739,0.806941,0.0483663146341463,0.0259304292682927,-0.00813316756097561,0.0476100000000002,0.0180600000000002,-0.014266
28216,23507.5,2.8052675,2.138195,0.80556275,0.0483735707317073,0.0258846914634146,-0.00783712487804878,0.0476925000000001,0.0189250000000001,-0.013091
28217,23510,2.806635,2.139,0.8041845,0.0483808268292683,0.0258389536585366,-0.00754108219512195,0.0477750000000001,0.01979,-0.011916
28218,23512.5,2.8080025,2.139805,0.80280625,0.0483880829268293,0.0257932158536585,-0.00724503951219512,0.0478575000000001,0.0206549999999999,-0.0107410000000001
28219,23515,2.80937,2.14061,0.801428,0.0483953390243902,0.0257474780487805,-0.00694899682926829,0.0479400000000001,0.0215199999999998,-0.00956600000000007
28220,23517.5,2.8107525,2.14148,0.80031375,0.0484025951219512,0.0257017402439024,-0.00665295414634146,0.0479925,0.0221224999999998,-0.00895450000000006
28221,23520,2.812135,2.14235,0.7991995,0.0484098512195122,0.0256560024390244,-0.00635691146341463,0.0480449999999999,0.0227249999999999,-0.00834300000000004
28222,23522.5,2.8135175,2.14322,0.79808525,0.0484171073170732,0.0256102646341463,-0.00606086878048781,0.0480974999999998,0.0233274999999999,-0.00773150000000003
28223,23525,2.8149,2.14409,0.796971,0.0484243634146341,0.0255645268292683,-0.00576482609756098,0.0481499999999997,0.02393,-0.00712000000000002
28224,23527.5,2.8162875,2.145035,0.7960265,0.0484316195121951,0.0255187890243902,-0.00546878341463415,0.0481849999999997,0.0243125,-0.00685450000000001
28225,23530,2.817675,2.14598,0.795082,0.0484388756097561,0.0254730512195122,-0.00517274073170732,0.0482199999999997,0.0246949999999999,-0.00658900000000001
28226,23532.5,2.8190625,2.146925,0.7941375,0.0484461317073171,0.0254273134146341,-0.00487669804878049,0.0482549999999997,0.0250774999999999,-0.00632350000000001
28227,23535,2.82045,2.14787,0.793193,0.0484533878048781,0.0253815756097561,-0.00458065536585366,0.0482899999999997,0.0254599999999998,-0.00605800000000001
28228,23537.5,2.8218175,2.148895,0.79232275,0.0484799008536585,0.0255679067073171,-0.00447578302439024,0.0483299999999998,0.0255874999999999,-0.00551425
28229,23540,2.823185,2.14992,0.7914525,0.048506413902439,0.025754237804878,-0.00437091068292683,0.0483699999999998,0.0257149999999999,-0.00497049999999999
28230,23542.5,2.8245525,2.150945,0.79058225,0.0485329269512195,0.025940568902439,-0.00426603834146342,0.0484099999999998,0.0258425,-0.00442674999999998
28231,23545,2.82592,2.15197,0.789712,0.04855944,0.0261269,-0.004161166,0.0484499999999999,0.02597,-0.00388299999999997
28232,23547.5,2.82742,2.15317555555556,0.788800333333333,0.04860521,0.0265453,-0.004247464,0.0484916666666666,0.0260061111111111,-0.00351216666666664
28233,23550,2.82892,2.15438111111111,0.787888666666667,0.04865098,0.0269637,-0.004333762,0.0485333333333333,0.0260422222222223,-0.00314133333333332
28234,23552.5,2.83042,2.15558666666667,0.786977,0.04869675,0.0273821,-0.00442006,0.048575,0.0260783333333334,-0.00277049999999999
28235,23555,2.83181636363636,2.15672636363636,0.786165727272727,0.04874252,0.0278005,-0.004506358,0.0486190909090909,0.0262327272727273,-0.00252018181818181
28236,23557.5,2.83305727272727,2.15776727272727,0.785505045454545,0.04878829,0.0282189,-0.004592656,0.0486668181818182,0.0265645454545454,-0.00245063636363635
28237,23560,2.83429818181818,2.15880818181818,0.784844363636364,0.04883406,0.0286373,-0.004678954,0.0487145454545455,0.0268963636363635,-0.00238109090909089
28238,23562.5,2.83553909090909,2.15984909090909,0.784183681818182,0.04887983,0.0290557,-0.004765252,0.0487622727272727,0.0272281818181817,-0.00231154545454543
28239,23565,2.83678,2.16089,0.783523,0.0489256,0.0294741,-0.00485155,0.04881,0.0275599999999998,-0.00224199999999997
28240,23567.5,2.83834111111111,2.16219555555556,0.782769666666667,0.0535599849206349,0.0307259253968254,-0.00411510595238095,0.0505127777777777,0.0279072222222221,-0.00189616666666665
28241,23570,2.83990222222222,2.16350111111111,0.782016333333333,0.0581943698412698,0.0319777507936508,-0.0033786619047619,0.0522155555555554,0.0282544444444444,-0.00155033333333333
28242,23572.5,2.84146333333333,2.16480666666667,0.781263,0.0628287547619048,0.0332295761904762,-0.00264221785714286,0.0539183333333331,0.0286016666666666,-0.00120450000000002
28243,23575,2.84298,2.16607,0.7805271,0.0660518502463054,0.0363083818719212,-0.00263138490640394,0.0555399999999998,0.029918,-0.00099950000000002
28244,23577.5,2.84443,2.16727,0.77981735,0.0671580115763547,0.0421276579802956,-0.00370896860098522,0.0570399999999998,0.0326880000000001,-0.00100575000000001
28245,23580,2.84588,2.16847,0.7791076,0.0682641729064039,0.0479469340886699,-0.0047865522955665,0.0585399999999999,0.0354580000000001,-0.00101199999999999
28246,23582.5,2.84733,2.16967,0.77839785,0.0693703342364532,0.0537662101970443,-0.00586413599014778,0.06004,0.0382280000000002,-0.00101824999999998
28247,23585,2.848858,2.170886,0.7776847,0.0703293137931035,0.0573037448275862,-0.00686798275862069,0.061334,0.0407240000000002,-0.00103259999999997
28248,23587.5,2.850503,2.172126,0.77696645,0.0710675206896552,0.0574186672413793,-0.00776122413793103,0.062319,0.0428090000000002,-0.00105909999999999
28249,23590,2.852148,2.173366,0.7762482,0.0718057275862069,0.0575335896551724,-0.00865446551724138,0.063304,0.0448940000000002,-0.0010856
28250,23592.5,2.853793,2.174606,0.77552995,0.0725439344827586,0.0576485120689655,-0.00954770689655172,0.064289,0.0469790000000002,-0.00111210000000001
28251,23595,2.85547090909091,2.17588181818182,0.77487,0.0732821413793103,0.0577634344827586,-0.0104409482758621,0.0650772727272728,0.0487227272727274,-0.00115918181818183
28252,23597.5,2.85719818181818,2.17721136363636,0.7742975,0.0740203482758621,0.0578783568965517,-0.0113341896551724,0.0655704545454546,0.0499545454545455,-0.00123713636363638
28253,23600,2.85892545454545,2.17854090909091,0.773725,0.0747585551724138,0.0579932793103448,-0.0122274310344828,0.0660636363636364,0.0511863636363636,-0.00131509090909092
28254,23602.5,2.86065272727273,2.17987045454545,0.7731525,0.0754967620689655,0.0581082017241379,-0.0131206724137931,0.0665568181818182,0.0524181818181817,-0.00139304545454546
28255,23605,2.86238,2.1812,0.77258,0.0762349689655172,0.058223124137931,-0.0140139137931034,0.0670500000000001,0.0536499999999998,-0.001471
28256,23607.5,2.86462722222222,2.18309166666667,0.771948333333333,0.0762650587827881,0.0569345746979075,-0.0155356108163867,0.0683083333333334,0.0546722222222221,-0.00264155555555557
28257,23610,2.86687444444444,2.18498333333333,0.771316666666667,0.076295148600059,0.0556460252578839,-0.0170573078396699,0.0695666666666667,0.0556944444444445,-0.00381211111111114
28258,23612.5,2.86912166666667,2.186875,0.770685,0.0763252384173298,0.0543574758178603,-0.0185790048629531,0.070825,0.0567166666666669,-0.00498266666666671
28259,23615,2.871333,2.188818,0.7700937,0.0766257455769231,0.0528535840384615,-0.0203341532692308,0.07179,0.0570260000000003,-0.00642080000000004
28260,23617.5,2.8734905,2.190838,0.76956295,0.07733187875,0.05102667875,-0.02243947875,0.072315,0.0562660000000002,-0.0082603
28261,23620,2.875648,2.192858,0.7690322,0.0780380119230769,0.0491997734615385,-0.0245448042307692,0.07284,0.0555060000000001,-0.0100998
28262,23622.5,2.8778055,2.194878,0.76850145,0.0787441450961539,0.0473728681730769,-0.0266501297115385,0.073365,0.054746,-0.0119392999999999
28263,23625,2.880032,2.196972,0.7679469,0.0805954101470588,0.0467483901470588,-0.0285742277941177,0.074482,0.0540449999999999,-0.0138435999999999
28264,23627.5,2.882362,2.199177,0.76735665,0.0841643730147059,0.0479275530147059,-0.0302264847794118,0.076487,0.0534324999999999,-0.0158450999999999
28265,23630,2.884692,2.201382,0.7667664,0.0877333358823529,0.0491067158823529,-0.0318787417647059,0.078492,0.0528199999999999,-0.0178466
28266,23632.5,2.887022,2.203587,0.76617615,0.09130229875,0.05028587875,-0.03353099875,0.0804970000000001,0.0522074999999999,-0.0198481
28267,23635,2.8894,2.205767,0.7654607,0.0936068705882353,0.0518660705882353,-0.0347173411764706,0.0822810000000001,0.0516639999999999,-0.0215407
28268,23637.5,2.89185,2.2079095,0.76455745,0.0940148558823529,0.0540478058823529,-0.0352048117647059,0.0837335000000002,0.0512239999999999,-0.02276995
28269,23640,2.8943,2.210052,0.7636542,0.0944228411764706,0.0562295411764706,-0.0356922823529412,0.0851860000000003,0.0507839999999999,-0.0239992
28270,23642.5,2.89675,2.2121945,0.76275095,0.0948308264705882,0.0584112764705882,-0.0361797529411765,0.0866385000000004,0.0503439999999999,-0.02522845
28271,23645,2.89928,2.21429,0.7617556,0.0919393833823529,0.0592951342156863,-0.0352916107230392,0.0879940000000004,0.0505399999999999,-0.0263454
28272,23647.5,2.90193,2.216315,0.7606221,0.0840987977205882,0.0582321756372549,-0.0323400492953431,0.0892040000000003,0.05169,-0.0272939
28273,23650,2.90458,2.21834,0.7594886,0.0762582120588235,0.0571692170588235,-0.0293884878676471,0.0904140000000003,0.0528400000000001,-0.0282424
28274,23652.5,2.90723,2.220365,0.7583551,0.0684176263970588,0.0561062584803922,-0.026436926439951,0.0916240000000002,0.0539900000000002,-0.0291909
28275,23655,2.90986090909091,2.22227636363636,0.757242090909091,0.059163,0.0544870666666667,-0.0228958166666667,0.0926163636363638,0.055027272727273,-0.0299793636363636
28276,23657.5,2.91246318181818,2.22401727272727,0.756159818181818,0.0477873125,0.052033525,-0.018470384375,0.0932822727272729,0.0558954545454547,-0.0305277727272727
28277,23660,2.91506545454545,2.22575818181818,0.755077545454546,0.036411625,0.0495799833333333,-0.0140449520833333,0.093948181818182,0.0567636363636365,-0.0310761818181818
28278,23662.5,2.91766772727273,2.22749909090909,0.753995272727273,0.0250359375,0.0471264416666667,-0.00961951979166667,0.0946140909090911,0.0576318181818182,-0.0316245909090909
28279,23665,2.92027,2.22924,0.752913,0.01366025,0.0446729,-0.0051940875,0.0952800000000003,0.0585,-0.032173
28280,23667.5,2.92331,2.231245,0.751608,0.0164709436813187,0.0445409992935636,-0.00670232871860283,0.0856131632653064,0.0563071428571429,-0.029015193877551
28281,23670,2.92635,2.23325,0.750303,0.0192816373626374,0.0444090985871272,-0.00821056993720565,0.0759463265306125,0.0541142857142857,-0.025857387755102
28282,23672.5,2.92939,2.235255,0.748998,0.022092331043956,0.0442771978806907,-0.00971881115580848,0.0662794897959186,0.0519214285714286,-0.0226995816326531
28283,23675,2.93243,2.23726,0.747693,0.0249030247252747,0.0441452971742543,-0.0112270523744113,0.0566126530612246,0.0497285714285714,-0.0195417755102041
28284,23677.5,2.93562,2.2394725,0.746346,0.0277137184065934,0.0440133964678179,-0.0127352935930141,0.0469458163265307,0.0475357142857143,-0.0163839693877551
28285,23680,2.93881,2.241685,0.744999,0.0305244120879121,0.0438814957613815,-0.014243534811617,0.0372789795918368,0.0453428571428571,-0.0132261632653061
28286,23682.5,2.942,2.2438975,0.743652,0.0333351057692308,0.0437495950549451,-0.0157517760302198,0.0276121428571429,0.04315,-0.0100683571428572
28287,23685,2.94519,2.24611,0.742305,0.0361457994505494,0.0436176943485086,-0.0172600172488226,0.017945306122449,0.0409571428571428,-0.00691055102040818
28288,23687.5,2.9484925,2.248475,0.7408135,0.0389564931318681,0.0434857936420722,-0.0187682584674254,0.00827846938775514,0.0387642857142857,-0.0037527448979592
28289,23690,2.951795,2.25084,0.739322,0.0417671868131868,0.0433538929356358,-0.0202764996860283,-0.00138836734693877,0.0365714285714286,-0.000594938775510223
28290,23692.5,2.9550975,2.253205,0.7378305,0.0445778804945055,0.0432219922291994,-0.0217847409046311,-0.0110552040816327,0.0343785714285714,0.00256286734693875
28291,23695,2.9584,2.25557,0.736339,0.0473885741758242,0.043090091522763,-0.0232929821232339,-0.0207220408163266,0.0321857142857143,0.00572067346938773
28292,23697.5,2.961725,2.25797,0.7347675,0.0501992678571428,0.0429581908163265,-0.0248012233418367,-0.0303888775510205,0.0299928571428571,0.00887847959183671
28293,23700,2.96505,2.26037,0.733196,0.0530099615384615,0.0428262901098901,-0.0263094645604396,-0.0400557142857144,0.0278,0.0120362857142857
28294,23702.5,2.968375,2.26277,0.7316245,0.0558206552197802,0.0426943894034537,-0.0278177057790424,-0.0497225510204083,0.0256071428571428,0.0151940918367347
28295,23705,2.9717,2.26517,0.730053,0.0586313489010989,0.0425624886970173,-0.0293259469976452,-0.0593893877551022,0.0234142857142857,0.0183518979591836
28296,23707.5,2.97453611111111,2.26763111111111,0.728838277777778,0.0614420425824176,0.0424305879905808,-0.030834188216248,-0.0690562244897961,0.0212214285714286,0.0215097040816326
28297,23710,2.97737222222222,2.27009222222222,0.727623555555555,0.0642527362637362,0.0422986872841444,-0.0323424294348509,-0.07872306122449,0.0190285714285714,0.0246675102040816
28298,23712.5,2.98020833333333,2.27255333333333,0.726408833333333,0.0670634299450549,0.042166786577708,-0.0338506706534537,-0.0883898979591839,0.0168357142857143,0.0278253163265306
28299,23715,2.98276636363636,2.27482,0.725303363636364,0.0665543367009751,0.0419736196821957,-0.033396095214879,-0.0943828169014087,0.0154335211267605,0.0298208873239436
28300,23717.5,2.98490727272727,2.276795,0.724361772727273,0.0610655630687974,0.0416885535030697,-0.0299972947905381,-0.0948648591549298,0.0152173239436619,0.0300731056338028
28301,23720,2.98704818181818,2.27877,0.723420181818182,0.0555767894366197,0.0414034873239437,-0.0265984943661972,-0.0953469014084509,0.0150011267605633,0.0303253239436619
28302,23722.5,2.98918909090909,2.280745,0.722478590909091,0.050088015804442,0.0411184211448176,-0.0231996939418563,-0.095828943661972,0.0147849295774647,0.0305775422535211
28303,23725,2.99133,2.28272,0.721537,0.0445992421722643,0.0408333549656916,-0.0198008935175153,-0.0963109859154931,0.0145687323943661,0.0308297605633803
28304,23727.5,2.99340222222222,2.28495333333333,0.720515055555556,0.0391104685400867,0.0405482887865655,-0.0164020930931744,-0.0967930281690142,0.0143525352112675,0.0310819788732394
28305,23730,2.99547444444444,2.28718666666667,0.719493111111111,0.033621694907909,0.0402632226074395,-0.0130032926688335,-0.0972750704225353,0.0141363380281689,0.0313341971830986
28306,23732.5,2.99754666666667,2.28942,0.718471166666667,0.0281329212757313,0.0399781564283135,-0.0096044922444926,-0.0977571126760564,0.0139201408450703,0.0315864154929577
28307,23735,2.999379,2.291511,0.7174789,0.0226441476435536,0.0396930902491874,-0.00620569182015168,-0.0982391549295775,0.0137039436619717,0.0318386338028169
28308,23737.5,3.0008515,2.2933885,0.71653115,0.0171553740113759,0.0394080240700614,-0.00280689139581076,-0.0987211971830987,0.0134877464788731,0.032090852112676
28309,23740,3.002324,2.295266,0.7155834,0.0116666003791982,0.0391229578909354,0.000591909028530152,-0.0992032394366198,0.0132715492957745,0.0323430704225352
28310,23742.5,3.0037965,2.2971435,0.71463565,0.00617782674702057,0.0388378917118093,0.00399070945287107,-0.0996852816901409,0.0130553521126759,0.0325952887323943
28311,23745,3.00503727272727,2.29893818181818,0.713670545454545,0.000689053114842894,0.0385528255326833,0.00738950987721199,-0.100167323943662,0.0128391549295773,0.0328475070422535
28312,23747.5,3.00593045454545,2.30060863636364,0.712679409090909,-0.00479972051733479,0.0382677593535572,0.0107883103015529,-0.100649366197183,0.0126229577464787,0.0330997253521127
28313,23750,3.00682363636364,2.30227909090909,0.711688272727273,-0.0102884941495125,0.0379826931744312,0.0141871107258938,-0.101131408450704,0.0124067605633801,0.0333519436619718
28314,23752.5,3.00771681818182,2.30394954545455,0.710697136363636,-0.0157772677816902,0.0376976269953052,0.0175859111502347,-0.101613450704225,0.0121905633802815,0.033604161971831
28315,23755,3.00861,2.30562,0.709706,-0.0212660414138678,0.0374125608161791,0.0209847115745757,-0.102095492957746,0.0119743661971829,0.0338563802816901
28316,23757.5,3.00909055555556,2.30760333333333,0.708427388888889,-0.0267548150460455,0.0371274946370531,0.0243835119989166,-0.102577535211268,0.0117581690140843,0.0341085985915493
28317,23760,3.00957111111111,2.30958666666667,0.707148777777778,-0.0322435886782232,0.036842428457927,0.0277823124232575,-0.103059577464789,0.0115419718309857,0.0343608169014084
28318,23762.5,3.01005166666667,2.31157,0.705870166666667,-0.0377323623104009,0.036557362278801,0.0311811128475984,-0.10354161971831,0.0113257746478871,0.0346130352112676
28319,23765,3.01027181818182,2.31340909090909,0.704681818181818,-0.0432211359425786,0.036272296099675,0.0345799132719393,-0.104023661971831,0.0111095774647885,0.0348652535211268
28320,23767.5,3.01010136363636,2.31503181818182,0.703628863636364,-0.0487099095747562,0.0359872299205489,0.0379787136962802,-0.104505704225352,0.0108933802816899,0.0351174718309859
28321,23770,3.00993090909091,2.31665454545455,0.702575909090909,-0.0541986832069339,0.0357021637414229,0.0413775141206212,-0.104987746478873,0.0106771830985913,0.0353696901408451
28322,23772.5,3.00976045454545,2.31827727272727,0.701522954545455,-0.0596874568391116,0.0354170975622969,0.0447763145449621,-0.105469788732394,0.0104609859154927,0.0356219084507042
28323,23775,3.00959,2.3199,0.70047,-0.0651762304712893,0.0351320313831708,0.048175114969303,-0.105951830985915,0.0102447887323941,0.0358741267605634
28324,23777.5,3.0089325,2.3216825,0.699404,-0.070665004103467,0.0348469652040448,0.0515739153936439,-0.106433873239436,0.0100285915492955,0.0361263450704225
28325,23780,3.008275,2.323465,0.698338,-0.0761537777356446,0.0345618990249187,0.0549727158179848,-0.106915915492958,0.00981239436619692,0.0363785633802817
28326,23782.5,3.0076175,2.3252475,0.697272,-0.0816425513678223,0.0342768328457927,0.0583715162423258,-0.107397957746479,0.00959619718309832,0.0366307816901408
28327,23785,3.00696,2.32703,0.696206,-0.087131325,0.0339917666666667,0.0617703166666667,-0.10788,0.00937999999999972,0.036883
28328,23787.5,3.005805,2.3287625,0.69528875,-0.08709924375,0.03767521875,0.06908245,-0.105495,0.0120824999999999,0.0425875
28329,23790,3.00465,2.330495,0.6943715,-0.0870671625,0.0413586708333333,0.0763945833333333,-0.10311,0.014785,0.048292
28330,23792.5,3.003495,2.3322275,0.69345425,-0.08703508125,0.0450421229166667,0.0837067166666667,-0.100725,0.0174875000000002,0.0539965
28331,23795,3.00234,2.33396,0.692537,-0.087003,0.048725575,0.09101885,-0.0983399999999999,0.0201900000000004,0.059701
28332,23797.5,3.00077,2.3356125,0.691805,-0.08732315,0.0511440625,0.091097825,-0.0962474999999999,0.0223075000000003,0.06396125
28333,23800,2.9992,2.337265,0.691073,-0.0876433,0.05356255,0.0911768,-0.094155,0.0244250000000001,0.0682215
28334,23802.5,2.99763,2.3389175,0.690341,-0.08796345,0.0559810375,0.091255775,-0.0920625,0.0265425,0.07248175
28335,23805,2.99606,2.34057,0.689609,-0.0882836,0.058399525,0.09133475,-0.0899700000000001,0.0286599999999999,0.076742
28336,23807.5,2.994165,2.3421275,0.68908475,-0.072406890625,0.061966009375,0.09632565625,-0.0829800000000001,0.0327599999999999,0.081763
28337,23810,2.99227,2.343685,0.6885605,-0.05653018125,0.06553249375,0.1013165625,-0.07599,0.0368599999999999,0.086784
28338,23812.5,2.990375,2.3452425,0.68803625,-0.040653471875,0.069098978125,0.10630746875,-0.069,0.0409599999999999,0.091805
28339,23815,2.98848,2.3468,0.687512,-0.0247767625,0.0726654625,0.111298375,-0.0620099999999999,0.0450599999999999,0.096826
28340,23817.5,2.9864925,2.3485275,0.68768275,-0.0125593130514706,0.0755278086397059,0.107629882720588,-0.0523124999999999,0.049175,0.09874975
28341,23820,2.984505,2.350255,0.6878535,-0.000341863602941177,0.0783901547794118,0.103961390441176,-0.0426149999999998,0.0532900000000001,0.1006735
28342,23822.5,2.9825175,2.3519825,0.68802425,0.0118755858455882,0.0812525009191176,0.100292898161765,-0.0329174999999998,0.0574050000000002,0.10259725
28343,23825,2.98053,2.35371,0.688195,0.0240930352941176,0.0841148470588235,0.0966244058823529,-0.0232199999999998,0.0615200000000002,0.104521
28344,23827.5,2.97889944444444,2.35574611111111,0.688800833333333,0.0298940647058824,0.0848420529411765,0.0930797441176471,-0.0157838888888888,0.0647061111111113,0.105574055555556
28345,23830,2.97726888888889,2.35778222222222,0.689406666666667,0.0356950941176471,0.0855692588235294,0.0895350823529412,-0.00834777777777784,0.0678922222222223,0.106627111111111
28346,23832.5,2.97563833333333,2.35981833333333,0.6900125,0.0414961235294118,0.0862964647058824,0.0859904205882353,-0.000911666666666865,0.0710783333333333,0.107680166666667
